{
  "controller/FileUpload-dbg.controller.js": 1717310346909,
  "controller/App.controller.js": 1715500304492,
  "model/models.js": 1715500304488,
  "controller/FileUpload.controller.js": 1717310346909,
  "manifest.json": 1717310763838,
  "Component.js": 1715500304476,
  "Component-preload.js": 1717310764171,
  "Component-dbg.js": 1715500304476,
  "i18n/i18n.properties": 1715500304480,
  "controller/App-dbg.controller.js": 1715500304492,
  "model/models-dbg.js": 1715500304488,
  "view/FileUpload.view.xml": 1717310516047,
  "view/App.view.xml": 1715500304492,
  "css/style.css": 1715500304492,
  "index.html": 1715500304476
}