{
  "i18n/i18n.properties": 1715500304480,
  "Component.js": 1715500304476,
  "model/models.js": 1715500304488,
  "controller/FileUpload.controller.js": 1717315822894,
  "controller/App.controller.js": 1715500304492,
  "manifest.json": 1717315971686,
  "Component-preload.js": 1717315972041,
  "Component-dbg.js": 1715500304476,
  "controller/FileUpload-dbg.controller.js": 1717315822894,
  "controller/App-dbg.controller.js": 1715500304492,
  "model/models-dbg.js": 1715500304488,
  "view/FileUpload.view.xml": 1717315909653,
  "view/App.view.xml": 1715500304492,
  "css/style.css": 1715500304492,
  "index.html": 1715500304476
}